<?xml version="1.0" encoding='ISO-8859-1' standalone='yes' ?>
<TestRun>
  <FailedTests>
    <FailedTest id="1">
      <Name>TestCoucheEntrees::testConstructionSortie</Name>
      <FailureType>Assertion</FailureType>
      <Location>
        <File>TestCoucheEntrees.cpp</File>
        <Line>92</Line>
      </Location>
      <Message>assertion failed
- Expression: abs(TableauTest[i] - C-&gt;getNeurone(i).getSortie()) &lt; 0.00001
</Message>
    </FailedTest>
  </FailedTests>
  <SuccessfulTests></SuccessfulTests>
  <Statistics>
    <Tests>1</Tests>
    <FailuresTotal>1</FailuresTotal>
    <Errors>0</Errors>
    <Failures>1</Failures>
  </Statistics>
</TestRun>
